filename,label
audio_128.wav,2.809
audio_156.wav,3.714
audio_19.wav,3.777
audio_108.wav,3.071
audio_206.wav,2.822
audio_161.wav,3.139
audio_215.wav,3.086
audio_213.wav,3.096
audio_11.wav,3.129
audio_155.wav,2.844
audio_39.wav,3.179
audio_168.wav,3.213
audio_133.wav,3.256
audio_28.wav,3.398
audio_40.wav,3.631
audio_181.wav,3.359
audio_201.wav,2.966
audio_182.wav,2.968
audio_126.wav,2.862
audio_10.wav,2.884
audio_134.wav,2.811
audio_69.wav,4.013
audio_112.wav,3.513
audio_180.wav,3.063
audio_177.wav,3.522
audio_77.wav,4.144
audio_111.wav,3.225
audio_18.wav,3.145
audio_175.wav,3.606
audio_33.wav,3.445
audio_15.wav,2.895
audio_4.wav,3.361
audio_27.wav,2.925
audio_96.wav,2.954
audio_116.wav,3.219
audio_1.wav,2.947
audio_22.wav,3.572
audio_114.wav,2.65
audio_146.wav,3.055
audio_46.wav,4.511
audio_144.wav,3.036
audio_75.wav,3.926
audio_200.wav,3.289
audio_196.wav,2.984
audio_190.wav,3.127
audio_158.wav,2.933
audio_17.wav,2.821
audio_105.wav,3.873
audio_141.wav,3.048
audio_129.wav,3.323
audio_6.wav,4.255
audio_70.wav,4.115
audio_35.wav,3.269
audio_203.wav,3.573
audio_90.wav,3.675
audio_16.wav,2.915
audio_138.wav,3.356
audio_100.wav,3.289
audio_115.wav,2.758
audio_118.wav,3.378
audio_137.wav,3.769
audio_101.wav,3.466
audio_193.wav,3.093
audio_102.wav,3.205
audio_52.wav,3.025
audio_172.wav,2.887
audio_191.wav,3.582
audio_194.wav,2.928
audio_67.wav,3.824
audio_160.wav,3.41
audio_179.wav,2.803
audio_55.wav,3.551
audio_145.wav,3.053
audio_197.wav,3.519
audio_139.wav,2.897
audio_91.wav,3.568
audio_8.wav,3.099
audio_136.wav,2.969
audio_199.wav,3.039
audio_110.wav,4.669
audio_208.wav,3.101
audio_152.wav,3.24
audio_94.wav,3.845
audio_174.wav,3.457
audio_23.wav,3.423
audio_56.wav,3.349
audio_97.wav,3.431
audio_148.wav,3.085
audio_59.wav,3.349
audio_5.wav,3.019
audio_119.wav,3.885
audio_80.wav,3.318
audio_58.wav,3.184
audio_123.wav,3.218
audio_188.wav,3.232
audio_121.wav,3.277
audio_107.wav,3.556
audio_214.wav,3.57
audio_73.wav,4.256
audio_169.wav,2.972
audio_7.wav,3.136
audio_42.wav,2.944
audio_88.wav,3.807
audio_64.wav,3.235
audio_195.wav,3.746
audio_57.wav,3.301
audio_13.wav,3.515
audio_125.wav,2.67
audio_209.wav,3.025
audio_211.wav,3.359
audio_63.wav,2.88
audio_86.wav,4.381
audio_78.wav,3.687
audio_38.wav,3.679
audio_186.wav,3.064
audio_154.wav,3.109
audio_21.wav,2.934
audio_120.wav,3.23
audio_183.wav,2.929
audio_25.wav,2.99
audio_122.wav,3.123
audio_36.wav,4.803
audio_76.wav,4.021
audio_163.wav,3.208
audio_83.wav,3.927
audio_103.wav,3.156
audio_93.wav,3.497
audio_26.wav,3.291
audio_72.wav,3.464
audio_210.wav,3.129
audio_104.wav,3.04
audio_81.wav,4.342
audio_166.wav,3.123
audio_202.wav,2.852
audio_185.wav,3.417
audio_9.wav,2.994
audio_207.wav,2.952
audio_127.wav,3.501
audio_12.wav,2.918
audio_132.wav,3.014
audio_109.wav,2.736
audio_32.wav,4.331
audio_178.wav,3.179
audio_61.wav,3.428
audio_34.wav,3.503
audio_106.wav,2.909
audio_49.wav,4.163
audio_149.wav,2.812
audio_30.wav,3.613
audio_131.wav,2.713
audio_162.wav,2.62
audio_204.wav,3.333
audio_198.wav,2.935
audio_135.wav,2.797
audio_187.wav,3.215
audio_3.wav,2.76
audio_98.wav,4.186
audio_159.wav,3.36
audio_167.wav,3.006
audio_205.wav,3.401
audio_95.wav,3.141
audio_68.wav,4.117
audio_31.wav,3.64
audio_157.wav,3.472
audio_89.wav,3.328
audio_82.wav,3.41
audio_53.wav,3.097
audio_37.wav,4.42
audio_113.wav,3.734
audio_85.wav,4.131
audio_173.wav,3.104
audio_41.wav,3.918
audio_51.wav,2.934
audio_143.wav,3.023
audio_92.wav,3.474
audio_74.wav,4.053
audio_0.wav,3.209
audio_147.wav,3.629
audio_130.wav,2.79
audio_192.wav,3.145
audio_43.wav,4.539
audio_65.wav,2.919
audio_14.wav,3.029
audio_117.wav,2.843
audio_212.wav,2.874
audio_79.wav,4.161
audio_171.wav,2.803
audio_60.wav,3.823
audio_153.wav,3.582
audio_176.wav,3.101
audio_2.wav,3.054
audio_50.wav,3.686
audio_29.wav,3.443
audio_142.wav,3.187
audio_47.wav,2.91
audio_84.wav,3.967
audio_164.wav,2.987
audio_48.wav,3.085
audio_189.wav,3.195
audio_151.wav,3.509
audio_66.wav,3.111
audio_44.wav,3.055
audio_150.wav,3.786
audio_87.wav,3.659
audio_99.wav,3.127
audio_62.wav,3.62
audio_20.wav,3.036
audio_124.wav,3.265
audio_54.wav,3.77
audio_45.wav,4.445
audio_71.wav,3.433
audio_184.wav,3.249
audio_24.wav,3.015
audio_140.wav,3.397
audio_165.wav,3.047
audio_170.wav,3.094
